comment_text,toxic,constructive,neutral,positive,dominant_category,dominant_category_score,top_emotion_1,top_emotion_1_score,top_emotion_2,top_emotion_2_score,top_emotion_3,top_emotion_3_score,overall_tone,anger,annoyance,disgust,disapproval,fear,grief,remorse,sadness,approval,caring,curiosity,gratitude,love,pride,confusion,embarrassment,nervousness,realization,surprise,disappointment,admiration,amusement,desire,excitement,joy,optimism,relief,top_emotion,top_emotion_score
DM please :),50.0,10.0,30.0,10.0,toxic,50.0,anger,12.5,annoyance,12.5,disgust,12.5,Negative,10.0,10.0,10.0,10.0,10.0,10.0,10.0,10.0,0.0,0.0,0.0,0.0,0.0,0.0,30.0,30.0,30.0,30.0,30.0,30.0,0.0,0.0,0.0,0.0,0.0,0.0,0.0,confusion,30.0
Thank youu :DD,2.4,1.1,0.3,0.3,toxic,2.4,anger,12.5,annoyance,12.5,disgust,12.5,Negative,0.3,0.3,0.3,0.3,0.3,0.3,0.3,0.3,0.2,0.2,0.2,0.2,0.2,0.2,0.3,0.3,0.3,0.3,0.3,0.3,0.0,0.0,0.0,0.0,0.0,0.0,0.0,anger,0.3
Thank you :)),70.0,100.0,40.0,100.0,constructive,100.0,approval,16.7,caring,16.7,curiosity,16.7,Positive,10.0,10.0,10.0,10.0,10.0,10.0,10.0,10.0,20.0,20.0,20.0,20.0,20.0,20.0,40.0,40.0,40.0,40.0,40.0,40.0,20.0,20.0,20.0,20.0,20.0,20.0,20.0,confusion,40.0
OMG I was inactive for 4 months in reddit and this comment made my day ðŸ˜­ðŸ’— Thank youu,3.9,1.7,0.3,0.4,toxic,3.9,anger,12.5,annoyance,12.5,disgust,12.5,Negative,0.5,0.5,0.5,0.5,0.5,0.5,0.5,0.5,0.3,0.3,0.3,0.3,0.3,0.3,0.3,0.3,0.3,0.3,0.3,0.3,0.1,0.1,0.1,0.1,0.1,0.1,0.1,anger,0.5
Rap needs grind. A great example is Jessi.,6.5,3.8,0.7,0.4,toxic,6.5,anger,12.5,annoyance,12.5,disgust,12.5,Negative,0.8,0.8,0.8,0.8,0.8,0.8,0.8,0.8,0.6,0.6,0.6,0.6,0.6,0.6,0.7,0.7,0.7,0.7,0.7,0.7,0.1,0.1,0.1,0.1,0.1,0.1,0.1,anger,0.8
"WHY IS THIS SO DOWN AT THE HOT SECTION, GET THIS UP!! ![gif](emote|free_emotes_pack|upvote)![gif](emote|free_emotes_pack|upvote)![gif](emote|free_emotes_pack|upvote)",19.6,4.4,1.2,0.9,toxic,19.6,anger,12.5,annoyance,12.5,disgust,12.5,Negative,2.5,2.5,2.5,2.5,2.5,2.5,2.5,2.5,0.7,0.7,0.7,0.7,0.7,0.7,1.2,1.2,1.2,1.2,1.2,1.2,0.1,0.1,0.1,0.1,0.1,0.1,0.1,anger,2.5
"Mine was the ""They don't know I finished all of subnautica in a video""",8.0,5.9,0.5,0.6,toxic,8.0,anger,12.5,annoyance,12.5,disgust,12.5,Negative,1.0,1.0,1.0,1.0,1.0,1.0,1.0,1.0,1.0,1.0,1.0,1.0,1.0,1.0,0.5,0.5,0.5,0.5,0.5,0.5,0.1,0.1,0.1,0.1,0.1,0.1,0.1,anger,1.0
"***shakes butt*** 

can you hear it?",86.2,19.3,11.8,2.5,toxic,86.2,anger,12.5,annoyance,12.5,disgust,12.5,Negative,10.8,10.8,10.8,10.8,10.8,10.8,10.8,10.8,3.2,3.2,3.2,3.2,3.2,3.2,11.8,11.8,11.8,11.8,11.8,11.8,0.4,0.4,0.4,0.4,0.4,0.4,0.4,anger,10.8
Man i got to meme time today and i was laughing like a moron my family told me to literally shut up,98.7,61.1,12.6,2.2,toxic,98.7,anger,12.5,annoyance,12.5,disgust,12.5,Negative,12.3,12.3,12.3,12.3,12.3,12.3,12.3,12.3,10.2,10.2,10.2,10.2,10.2,10.2,12.6,12.6,12.6,12.6,12.6,12.6,0.3,0.3,0.3,0.3,0.3,0.3,0.3,anger,12.3
"the minutes already surpassed the upvote number, my post is dead now. anyway thanks for being here, hope this lil amount of people giggled or smiled :))",18.9,5.7,0.6,20.3,positive,20.3,admiration,14.3,amusement,14.3,desire,14.3,Positive,2.4,2.4,2.4,2.4,2.4,2.4,2.4,2.4,1.0,1.0,1.0,1.0,1.0,1.0,0.6,0.6,0.6,0.6,0.6,0.6,2.9,2.9,2.9,2.9,2.9,2.9,2.9,admiration,2.9
"Don't blame him, he's red-green colorblind",19.3,4.3,2.1,0.7,toxic,19.3,anger,12.5,annoyance,12.5,disgust,12.5,Negative,2.4,2.4,2.4,2.4,2.4,2.4,2.4,2.4,0.7,0.7,0.7,0.7,0.7,0.7,2.1,2.1,2.1,2.1,2.1,2.1,0.1,0.1,0.1,0.1,0.1,0.1,0.1,anger,2.4
"I agree but this is definitely unpopular, as they have a lot of supporters",6.8,0.7,0.5,0.1,toxic,6.8,anger,12.5,annoyance,12.5,disgust,12.5,Negative,0.8,0.8,0.8,0.8,0.8,0.8,0.8,0.8,0.1,0.1,0.1,0.1,0.1,0.1,0.5,0.5,0.5,0.5,0.5,0.5,0.0,0.0,0.0,0.0,0.0,0.0,0.0,anger,0.8
"sorry for the late answer, this took a bit long since the vid is like 3 hours [timestamp 1:01:22 ](http://www.twitch.tv/jacksepticeye/v/732384684?sr=a&t=3682s)",4.3,5.2,0.6,0.1,constructive,5.2,approval,16.7,caring,16.7,curiosity,16.7,Negative,0.5,0.5,0.5,0.5,0.5,0.5,0.5,0.5,0.9,0.9,0.9,0.9,0.9,0.9,0.6,0.6,0.6,0.6,0.6,0.6,0.0,0.0,0.0,0.0,0.0,0.0,0.0,approval,0.9
Jack posted the clip in his Twitter account [here you go](https://twitter.com/Jack_Septic_Eye/status/1305152610324951043?s=09),24.7,26.6,1.8,2.1,constructive,26.6,approval,16.7,caring,16.7,curiosity,16.7,Negative,3.1,3.1,3.1,3.1,3.1,3.1,3.1,3.1,4.4,4.4,4.4,4.4,4.4,4.4,1.8,1.8,1.8,1.8,1.8,1.8,0.3,0.3,0.3,0.3,0.3,0.3,0.3,approval,4.4
ok,8.8,0.7,0.2,0.2,toxic,8.8,anger,12.5,annoyance,12.5,disgust,12.5,Negative,1.1,1.1,1.1,1.1,1.1,1.1,1.1,1.1,0.1,0.1,0.1,0.1,0.1,0.1,0.2,0.2,0.2,0.2,0.2,0.2,0.0,0.0,0.0,0.0,0.0,0.0,0.0,anger,1.1
ffs lmao,46.5,34.7,2.3,0.7,toxic,46.5,anger,12.5,annoyance,12.5,disgust,12.5,Negative,5.8,5.8,5.8,5.8,5.8,5.8,5.8,5.8,5.8,5.8,5.8,5.8,5.8,5.8,2.3,2.3,2.3,2.3,2.3,2.3,0.1,0.1,0.1,0.1,0.1,0.1,0.1,anger,5.8
"Part 6, you can find many positions that may fit Jack in that episode actually lol",5.8,4.2,0.6,2.3,toxic,5.8,anger,12.5,annoyance,12.5,disgust,12.5,Negative,0.7,0.7,0.7,0.7,0.7,0.7,0.7,0.7,0.7,0.7,0.7,0.7,0.7,0.7,0.6,0.6,0.6,0.6,0.6,0.6,0.3,0.3,0.3,0.3,0.3,0.3,0.3,anger,0.7
"idk maybe other people posted it before as well, its been like 2 years or so",23.4,0.6,0.7,0.1,toxic,23.4,anger,12.5,annoyance,12.5,disgust,12.5,Negative,2.9,2.9,2.9,2.9,2.9,2.9,2.9,2.9,0.1,0.1,0.1,0.1,0.1,0.1,0.7,0.7,0.7,0.7,0.7,0.7,0.0,0.0,0.0,0.0,0.0,0.0,0.0,anger,2.9
whoops just realized the grammar mistake lmao sorry,7.9,8.8,2.1,0.2,constructive,8.8,approval,16.7,caring,16.7,curiosity,16.7,Negative,1.0,1.0,1.0,1.0,1.0,1.0,1.0,1.0,1.5,1.5,1.5,1.5,1.5,1.5,2.1,2.1,2.1,2.1,2.1,2.1,0.0,0.0,0.0,0.0,0.0,0.0,0.0,confusion,2.1
youre wrong :((,64.7,13.0,3.2,7.0,toxic,64.7,anger,12.5,annoyance,12.5,disgust,12.5,Negative,8.1,8.1,8.1,8.1,8.1,8.1,8.1,8.1,2.2,2.2,2.2,2.2,2.2,2.2,3.2,3.2,3.2,3.2,3.2,3.2,1.0,1.0,1.0,1.0,1.0,1.0,1.0,anger,8.1
"bruh i was just joking, i just want to let yall know that I am a septicshit and this post isnt hate towards him :(",44.1,10.1,3.1,1.2,toxic,44.1,anger,12.5,annoyance,12.5,disgust,12.5,Negative,5.5,5.5,5.5,5.5,5.5,5.5,5.5,5.5,1.7,1.7,1.7,1.7,1.7,1.7,3.1,3.1,3.1,3.1,3.1,3.1,0.2,0.2,0.2,0.2,0.2,0.2,0.2,anger,5.5
NOO I AINT COMPARING ASHDDJKDL,32.4,8.1,0.9,1.3,toxic,32.4,anger,12.5,annoyance,12.5,disgust,12.5,Negative,4.0,4.0,4.0,4.0,4.0,4.0,4.0,4.0,1.3,1.3,1.3,1.3,1.3,1.3,0.9,0.9,0.9,0.9,0.9,0.9,0.2,0.2,0.2,0.2,0.2,0.2,0.2,anger,4.0
_noice_,20.4,4.5,1.3,1.0,toxic,20.4,anger,12.5,annoyance,12.5,disgust,12.5,Negative,2.5,2.5,2.5,2.5,2.5,2.5,2.5,2.5,0.8,0.8,0.8,0.8,0.8,0.8,1.3,1.3,1.3,1.3,1.3,1.3,0.1,0.1,0.1,0.1,0.1,0.1,0.1,anger,2.5
You're welcome!,8.9,4.1,1.3,4.6,toxic,8.9,anger,12.5,annoyance,12.5,disgust,12.5,Negative,1.1,1.1,1.1,1.1,1.1,1.1,1.1,1.1,0.7,0.7,0.7,0.7,0.7,0.7,1.3,1.3,1.3,1.3,1.3,1.3,0.7,0.7,0.7,0.7,0.7,0.7,0.7,anger,1.1
ah shit here we go again,99.9,64.1,14.2,4.7,toxic,99.9,anger,12.5,annoyance,12.5,disgust,12.5,Negative,12.5,12.5,12.5,12.5,12.5,12.5,12.5,12.5,10.7,10.7,10.7,10.7,10.7,10.7,14.2,14.2,14.2,14.2,14.2,14.2,0.7,0.7,0.7,0.7,0.7,0.7,0.7,anger,12.5
u/vredditdownloader,20.4,4.5,1.3,1.0,toxic,20.4,anger,12.5,annoyance,12.5,disgust,12.5,Negative,2.5,2.5,2.5,2.5,2.5,2.5,2.5,2.5,0.8,0.8,0.8,0.8,0.8,0.8,1.3,1.3,1.3,1.3,1.3,1.3,0.1,0.1,0.1,0.1,0.1,0.1,0.1,anger,2.5
something,15.5,4.4,1.0,1.1,toxic,15.5,anger,12.5,annoyance,12.5,disgust,12.5,Negative,1.9,1.9,1.9,1.9,1.9,1.9,1.9,1.9,0.7,0.7,0.7,0.7,0.7,0.7,1.0,1.0,1.0,1.0,1.0,1.0,0.2,0.2,0.2,0.2,0.2,0.2,0.2,anger,1.9
"I didnt meant to play with teacher's nerves. I am a straight A student, but sometimes I just feel tired and exhausted from all of this...",15.4,0.6,0.8,0.8,toxic,15.4,anger,12.5,annoyance,12.5,disgust,12.5,Negative,1.9,1.9,1.9,1.9,1.9,1.9,1.9,1.9,0.1,0.1,0.1,0.1,0.1,0.1,0.8,0.8,0.8,0.8,0.8,0.8,0.1,0.1,0.1,0.1,0.1,0.1,0.1,anger,1.9
"sometimes you just feel exhausted from school, it happens. we are all humans afterall",32.8,6.6,0.9,0.6,toxic,32.8,anger,12.5,annoyance,12.5,disgust,12.5,Negative,4.1,4.1,4.1,4.1,4.1,4.1,4.1,4.1,1.1,1.1,1.1,1.1,1.1,1.1,0.9,0.9,0.9,0.9,0.9,0.9,0.1,0.1,0.1,0.1,0.1,0.1,0.1,anger,4.1
"Dont mind me, Im miserable",84.1,13.1,5.1,4.1,toxic,84.1,anger,12.5,annoyance,12.5,disgust,12.5,Negative,10.5,10.5,10.5,10.5,10.5,10.5,10.5,10.5,2.2,2.2,2.2,2.2,2.2,2.2,5.1,5.1,5.1,5.1,5.1,5.1,0.6,0.6,0.6,0.6,0.6,0.6,0.6,anger,10.5
